,Weight_Kg,Cw_gL,Lp,Con_gL,Gv,Gd,Ge,Cd,Cf
Plankton,,0.000000001,0.03,0.00000005,,,,,0.0001194
Small_Fish,0.0054,0.000000001,0.08,0.0000016,7.672712472,0.000420164,0.000105041,0.0001194,0.000447893
Medium_Fish,0.016,0.000000001,0.16,0.0000024,14.7226049,0.001057757,0.000264439,0.000447893,0.001698728
Large_Fish,2.5,0.000000001,0.16,0.0000043,304.983731,0.077469908,0.019367477,0.001698728,0.006646304
